Occupation_Code,Occupation_Desc
0,No Occupation Provided
1,Professional / Management
2,Australian Government Employee
3,Australia Post Employee
4,Building and Construction
5,Child
6,Cleaning/Disposal Services
7,Community Services
8,Defence Forces
9,Education
10,Finance/Property/Business Services
11,Home Duties
12,Hospitality/Tourism/Entertainment
13,Import/Export
14,Legal Services
15,Local Government
16,Manufacturing
17,Medical/Health/Science
18,Mining
19,Primary Industries
20,Printing/Publishing
21,Religious
22,Retail
23,Retired
24,Sports Related
25,State Government Employee
26,Student
27,Telecom
28,Trades-person
29,Transport/Security
30,Unemployed
31,Union Employee
32,Wholesale
33,Marketing/Advertising/Public Relations
34,Computer Operator/Programmer
35,Labourer
36,Clerical
37,Pensioner
40,Club Association
