LEVEL1_NAME,LEVEL2_NAME,LEVEL3_NAME,TRANSACTION_TYPE,TRANSACTION_CODE,PROMOTION_CODE
Credit,Interest Paid,Interest Paid,1,730,
Credit,Interest Paid,Bonus Interest,1,731,
Credit,Other,Other,1,738,
Credit,Other,Other,1,739,
Debit,Other,Other,1,750,
Debit,Other,Other,1,751,00
Debit,Other,Other,1,758,
Debit,Other,Other,1,759,
Debit,Withdrawals Out (External),BPAY Transactions,1,805,BI
Debit,Withdrawals Out (External),BPAY Transactions,1,805,BM
Debit,Withdrawals Out (External),BPAY Transactions,1,805,BP
Debit,Withdrawals Out (External),BPAY Transactions,1,805,BV
Debit,Withdrawals Out (External),BPAY Transactions,1,806,BP
Credit,Deposits In (External),Cash Deposits In Branch,1,1010,
Credit,Deposits In (External),Cash Deposits In Branch,1,1010,0
Credit,Deposits In (External),Cash Deposits In Branch,1,1010,15
Credit,Deposits In (External),Cash Deposits In Branch,1,1010,60
Credit,Deposits In (External),Cash Deposits In Branch,1,1010,NF
Credit,Deposits In (External),Cash Deposits In Branch,1,1010,XX
Credit,Deposits In (External),Cash And Cheque Deposit,1,1015,
Credit,Deposits In (External),Cheque Deposits,1,1020,
Credit,Deposits In (External),Cheque Deposits,1,1020,98
Credit,Deposits In (External),Cheque Deposits,1,1020,NF
Credit,Deposits In (External),Cheque Deposits,1,1020,XX
Credit,Other,Other,1,1023,
Credit,Other,Other,1,1030,00
Credit,Other,Other,1,1030,A0
Credit,Other,Other,1,1030,A4
Credit,Other,Other,1,1030,A5
Credit,Other,Other,1,1030,A6
Credit,Other,Other,1,1030,A7
Credit,Other,Other,1,1030,AP
Credit,Other,Other,1,1030,BD
Credit,Other,Other,1,1030,BV
Credit,Other,Other,1,1030,EC
Credit,Other,Other,1,1030,H2
Credit,Other,Other,1,1030,H3
Credit,Other,Other,1,1030,H9
Credit,Other,Other,1,1030,HB
Credit,Other,Other,1,1030,J0
Credit,Other,Other,1,1030,J1
Credit,Other,Other,1,1030,J2
Credit,Other,Other,1,1030,J3
Credit,Other,Other,1,1030,J4
Credit,Other,Other,1,1030,J5
Credit,Other,Other,1,1030,J6
Credit,Other,Other,1,1030,J7
Credit,Other,Other,1,1030,J8
Credit,Other,Other,1,1030,JB
Credit,Other,Other,1,1030,JC
Credit,Other,Other,1,1030,JD
Credit,Other,Other,1,1030,JH
Credit,Other,Other,1,1030,JI
Credit,Other,Other,1,1030,JJ
Credit,Other,Other,1,1030,JM
Credit,Other,Other,1,1030,JN
Credit,Other,Other,1,1030,JS
Credit,Other,Other,1,1030,K0
Credit,Other,Other,1,1030,K2
Credit,Other,Other,1,1030,K3
Credit,Other,Other,1,1030,K9
Credit,Other,Other,1,1030,KB
Credit,Other,Other,1,1030,KC
Credit,Other,Other,1,1030,KD
Credit,Other,Other,1,1030,KE
Credit,Other,Other,1,1030,KG
Credit,Other,Other,1,1030,KH
Credit,Other,Other,1,1030,KI
Credit,Other,Other,1,1030,KK
Credit,Other,Other,1,1030,KL
Credit,Other,Other,1,1030,KM
Credit,Other,Other,1,1030,KP
Credit,Other,Other,1,1030,KR
Credit,Other,Other,1,1030,KZ
Credit,Other,Other,1,1030,NF
Credit,Other,Other,1,1030,TB
Credit,Other,Other,1,1030,TW
Credit,Other,Other,1,1030,TX
Credit,Other,Other,1,1030,WT
Credit,Other,Other,1,1030,WU
Credit,Other,Other,1,1030,XS
Credit,Other,Other,1,1030,XX
Credit,Other,Other,1,1030,Y2
Credit,Other,Other,1,1030,Y3
Credit,Other,Other,1,1030,Y7
Credit,Other,Other,1,1030,Y8
Credit,Other,Other,1,1030,YA
Credit,Other,Other,1,1030,YB
Credit,Other,Other,1,1030,YK
Credit,Other,Other,1,1030,YM
Credit,Other,Other,1,1030,YP
Credit,Other,Other,1,1030,YR
Credit,Other,Other,1,1030,YS
Credit,Other,Other,1,1030,YV
Credit,Other,Other,1,1030,YX
Credit,Other,Other,1,1030,Z0
Credit,Other,Other,1,1030,Z1
Credit,Other,Other,1,1030,Z2
Credit,Other,Other,1,1030,Z8
Credit,Other,Other,1,1030,ZB
Credit,Other,Other,1,1030,ZF
Credit,Other,Other,1,1030,ZH
Credit,Other,Other,1,1030,ZI
Credit,Other,Other,1,1030,ZJ
Credit,Other,Other,1,1030,ZK
Credit,Other,Other,1,1030,ZN
Credit,Other,Other,1,1030,ZP
Credit,Other,Other,1,1030,ZW
Credit,Fees Reversed,Manual Fee Refunds,1,1030,ZX
Credit,Other,Other,1,1030,ZZ
Credit,Deposits In (External),Direct Entry Transactions (Credits) ,1,1040,
Credit,Deposits In (External),Direct Entry Transactions (Credits) ,1,1040,EC
Credit,Deposits In (External),Direct Entry Transactions (Credits) ,1,1040,MI
Credit,Deposits In (External),Direct Entry Transactions (Credits) ,1,1040,MK
Credit,Deposits In (External),Direct Entry Transactions (Credits) ,1,1040,TO
Credit,Deposits In (External),Direct Entry Transactions (Credits) ,1,1040,TQ
Credit,Deposits In (External),Direct Entry Transactions (Credits) ,1,1040,TR
Credit,Deposits In (External),Direct Entry Transactions (Credits) ,1,1040,TT
Credit,Deposits In (External),Direct Entry Transactions (Credits) ,1,1040,TU
Credit,Deposits In (External),Direct Entry Transactions (Credits) ,1,1040,TW
Credit,Deposits In (External),Direct Entry Transactions (Credits) ,1,1040,TX
Credit,Other,Other,1,1043,
Credit,Transfers In (Internal),Credit Transfer (One-Off),1,1045,
Credit,Transfers In (Internal),Credit Transfer (One-Off),1,1045,00
Credit,Transfers In (Internal),Credit Transfer (One-Off),1,1045,18
Credit,Transfers In (Internal),Credit Transfer (One-Off),1,1045,A5
Credit,Transfers In (Internal),Credit Transfer (One-Off),1,1045,H2
Credit,Transfers In (Internal),Credit Transfer (One-Off),1,1045,H3
Credit,Transfers In (Internal),Credit Transfer (One-Off),1,1045,KC
Credit,Transfers In (Internal),Credit Transfer (One-Off),1,1045,KL
Credit,Transfers In (Internal),Credit Transfer (One-Off),1,1045,NF
Credit,Transfers In (Internal),Credit Transfer (One-Off),1,1045,TB
Credit,Transfers In (Internal),Credit Transfer (One-Off),1,1045,XW
Credit,Transfers In (Internal),Credit Transfer (One-Off),1,1045,XX
Credit,Transfers In (Internal),Credit Transfer (One-Off),1,1045,Y8
Credit,Transfers In (Internal),Credit Transfer (One-Off),1,1045,Z0
Credit,Transfers In (Internal),Credit Transfer (One-Off),1,1045,Z8
Credit,Transfers In (Internal),Credit Transfer (One-Off),1,1045,ZX
Credit,Transfers In (Internal),Credit Transfer (One-Off),1,1045,ZZ
Credit,Other,Other,1,1047,XW
Debit,Other,Other,1,1050,
Debit,Other,Other,1,1050,8
Debit,Other,Other,1,1050,A0
Debit,Other,Other,1,1050,A5
Debit,Other,Other,1,1050,AA
Debit,Other,Other,1,1050,AP
Debit,Other,Other,1,1050,CD
Debit,Other,Other,1,1050,EC
Debit,Other,Other,1,1050,H2
Debit,Other,Other,1,1050,H3
Debit,Other,Other,1,1050,H6
Debit,Other,Other,1,1050,H7
Debit,Other,Other,1,1050,H8
Debit,Other,Other,1,1050,J1
Debit,Other,Other,1,1050,J2
Debit,Other,Other,1,1050,J3
Debit,Other,Other,1,1050,J4
Debit,Other,Other,1,1050,J5
Debit,Other,Other,1,1050,J6
Debit,Other,Other,1,1050,J7
Debit,Other,Other,1,1050,JB
Debit,Other,Other,1,1050,JC
Debit,Other,Other,1,1050,JG
Debit,Other,Other,1,1050,JH
Debit,Other,Other,1,1050,JI
Debit,Other,Other,1,1050,JJ
Debit,Other,Other,1,1050,JM
Debit,Other,Other,1,1050,JR
Debit,Other,Other,1,1050,JS
Debit,Other,Other,1,1050,K2
Debit,Other,Other,1,1050,K3
Debit,Other,Other,1,1050,K9
Debit,Other,Other,1,1050,KB
Debit,Other,Other,1,1050,KC
Debit,Other,Other,1,1050,KD
Debit,Other,Other,1,1050,KG
Debit,Other,Other,1,1050,KH
Debit,Other,Other,1,1050,KI
Debit,Other,Other,1,1050,KJ
Debit,Other,Other,1,1050,KK
Debit,Other,Other,1,1050,KL
Debit,Other,Other,1,1050,KM
Debit,Other,Other,1,1050,KP
Debit,Other,Other,1,1050,KR
Debit,Other,Other,1,1050,KS
Debit,Other,Other,1,1050,KT
Debit,Other,Other,1,1050,KU
Debit,Other,Other,1,1050,KZ
Debit,Other,Other,1,1050,NF
Debit,Other,Other,1,1050,T8
Debit,Other,Other,1,1050,TO
Debit,Other,Other,1,1050,TR
Debit,Other,Other,1,1050,TX
Debit,Other,Other,1,1050,WT
Debit,Other,Other,1,1050,WU
Debit,Other,Other,1,1050,XF
Debit,Other,Other,1,1050,XX
Debit,Other,Other,1,1050,Y3
Debit,Other,Other,1,1050,Y7
Debit,Other,Other,1,1050,Y8
Debit,Other,Other,1,1050,YK
Debit,Other,Other,1,1050,YP
Debit,Other,Other,1,1050,YR
Debit,Other,Other,1,1050,YS
Debit,Other,Other,1,1050,YV
Debit,Other,Other,1,1050,YX
Debit,Other,Other,1,1050,Z0
Debit,Other,Other,1,1050,Z1
Debit,Other,Other,1,1050,Z6
Debit,Other,Other,1,1050,Z8
Debit,Other,Other,1,1050,ZH
Debit,Other,Other,1,1050,ZI
Debit,Other,Other,1,1050,ZJ
Debit,Other,Other,1,1050,ZK
Debit,Other,Other,1,1050,ZN
Debit,Other,Other,1,1050,ZO
Debit,Other,Other,1,1050,ZP
Debit,Other,Other,1,1050,ZW
Debit,Other,Other,1,1050,ZX
Debit,Other,Other,1,1050,ZZ
Debit,Other,Other,1,1050,z0
Debit,Other,Other,1,1050,zz
Debit,Withdrawals Out (External),Direct Entry Transactions (Debits),1,1051,AG
Debit,Withdrawals Out (External),Direct Entry Transactions (Debits),1,1051,KP
Debit,Withdrawals Out (External),Direct Entry Transactions (Debits),1,1051,RB
Debit,Withdrawals Out (External),Direct Entry Transactions (Debits),1,1051,TR
Debit,Withdrawals Out (External),Direct Entry Transactions (Debits),1,1051,TT
Debit,Withdrawals Out (External),Direct Entry Transactions (Debits),1,1051,TV
Debit,Withdrawals Out (External),Direct Entry Transactions (Debits),1,1051,TX
Debit,Withdrawals Out (External),Direct Entry Transactions (Debits),1,1051,TY
Debit,Withdrawals Out (External),BPAY Transactions,1,1052,BI
Debit,Withdrawals Out (External),BPAY Transactions,1,1052,BM
Debit,Withdrawals Out (External),BPAY Transactions,1,1052,BP
Debit,Withdrawals Out (External),BPAY Transactions,1,1052,BV
Debit,Other,Other,1,1053,
Debit,Other,Other,1,1054,
Debit,Other,Other,1,1054,NF
Debit,Other,Other,1,1054,XX
Debit,Transfers Out (Internal),Debit Transfer (One-Off),1,1055,
Debit,Transfers Out (Internal),Debit Transfer (One-Off),1,1055,A5
Debit,Transfers Out (Internal),Debit Transfer (One-Off),1,1055,H2
Debit,Transfers Out (Internal),Debit Transfer (One-Off),1,1055,H3
Debit,Transfers Out (Internal),Debit Transfer (One-Off),1,1055,K9
Debit,Transfers Out (Internal),Debit Transfer (One-Off),1,1055,KL
Debit,Transfers Out (Internal),Debit Transfer (One-Off),1,1055,NF
Debit,Transfers Out (Internal),Debit Transfer (One-Off),1,1055,TB
Debit,Transfers Out (Internal),Debit Transfer (One-Off),1,1055,XW
Debit,Transfers Out (Internal),Debit Transfer (One-Off),1,1055,XX
Debit,Transfers Out (Internal),Debit Transfer (One-Off),1,1055,XY
Debit,Transfers Out (Internal),Debit Transfer (One-Off),1,1055,Y8
Debit,Transfers Out (Internal),Debit Transfer (One-Off),1,1055,ZX
Debit,Transfers Out (Internal),Debit Transfer (One-Off),1,1055,ZZ
Debit,Other,Other,1,1057,XW
Debit,Withdrawals Out (External),Cash Withdrawals In Branch,1,1060,
Debit,Withdrawals Out (External),Cash Withdrawals In Branch,1,1060,0
Debit,Withdrawals Out (External),Cash Withdrawals In Branch,1,1060,NF
Debit,Withdrawals Out (External),Cash Withdrawals In Branch,1,1060,XX
Debit,Other,Other,1,1062,
Debit,Other,Other,1,1062,H3
Debit,Withdrawals Out (External),FI Cheque Withdrawals,1,1080,
Debit,Withdrawals Out (External),FI Cheque Withdrawals,1,1080,NF
Debit,Withdrawals Out (External),FI Cheque Withdrawals,1,1080,XX
Debit,Withdrawals Out (External),FI Cheque Withdrawals,1,1080,ZZ
Debit,Other,Other,1,1110,
Debit,Other,Other,1,1110,XX
Debit,Other,Other,1,1120,
Debit,Other,Other,1,1120,NF
Debit,Other,Other,1,1120,XX
Debit,Other,Other,1,1130,A5
Debit,Other,Other,1,1130,AP
Debit,Other,Other,1,1130,EC
Debit,Other,Other,1,1130,H2
Debit,Other,Other,1,1130,H3
Debit,Other,Other,1,1130,J2
Debit,Other,Other,1,1130,JJ
Debit,Other,Other,1,1130,K2
Debit,Other,Other,1,1130,K3
Debit,Other,Other,1,1130,KC
Debit,Other,Other,1,1130,KG
Debit,Other,Other,1,1130,KH
Debit,Other,Other,1,1130,KK
Debit,Other,Other,1,1130,KL
Debit,Other,Other,1,1130,KP
Debit,Other,Other,1,1130,TX
Debit,Other,Other,1,1130,WU
Debit,Other,Other,1,1130,XX
Debit,Other,Other,1,1130,Y7
Debit,Other,Other,1,1130,Y8
Debit,Other,Other,1,1130,YR
Debit,Other,Other,1,1130,YS
Debit,Other,Other,1,1130,YV
Debit,Other,Other,1,1130,Z1
Debit,Other,Other,1,1130,Z8
Debit,Other,Other,1,1130,ZH
Debit,Other,Other,1,1130,ZI
Debit,Other,Other,1,1130,ZJ
Debit,Other,Other,1,1130,ZK
Debit,Other,Other,1,1130,ZN
Debit,Other,Other,1,1130,ZP
Debit,Other,Other,1,1130,ZX
Debit,Other,Other,1,1130,ZZ
Debit,Other,Other,1,1145,
Debit,Other,Other,1,1145,H3
Debit,Other,Other,1,1145,KK
Debit,Other,Other,1,1145,NF
Debit,Other,Other,1,1145,XX
Debit,Other,Other,1,1145,Y8
Debit,Other,Other,1,1145,Z0
Debit,Other,Other,1,1145,Z8
Credit,Other,Other,1,1150,A5
Credit,Other,Other,1,1150,AA
Credit,Other,Other,1,1150,EC
Credit,Other,Other,1,1150,H2
Credit,Other,Other,1,1150,H3
Credit,Other,Other,1,1150,J4
Credit,Other,Other,1,1150,J7
Credit,Other,Other,1,1150,JJ
Credit,Other,Other,1,1150,JR
Credit,Other,Other,1,1150,JS
Credit,Other,Other,1,1150,K2
Credit,Other,Other,1,1150,K3
Credit,Other,Other,1,1150,KB
Credit,Other,Other,1,1150,KC
Credit,Other,Other,1,1150,KD
Credit,Other,Other,1,1150,KG
Credit,Other,Other,1,1150,KH
Credit,Other,Other,1,1150,KK
Credit,Other,Other,1,1150,KL
Credit,Other,Other,1,1150,KM
Credit,Other,Other,1,1150,KP
Credit,Other,Other,1,1150,KR
Credit,Other,Other,1,1150,NF
Credit,Other,Other,1,1150,T8
Credit,Other,Other,1,1150,TX
Credit,Other,Other,1,1150,WU
Credit,Other,Other,1,1150,XX
Credit,Other,Other,1,1150,Y3
Credit,Other,Other,1,1150,Y7
Credit,Other,Other,1,1150,Y8
Credit,Other,Other,1,1150,YK
Credit,Other,Other,1,1150,YR
Credit,Other,Other,1,1150,YS
Credit,Other,Other,1,1150,YV
Credit,Other,Other,1,1150,Z0
Credit,Other,Other,1,1150,Z1
Credit,Other,Other,1,1150,Z8
Credit,Other,Other,1,1150,ZH
Credit,Other,Other,1,1150,ZI
Credit,Other,Other,1,1150,ZJ
Credit,Other,Other,1,1150,ZK
Credit,Other,Other,1,1150,ZN
Credit,Other,Other,1,1150,ZO
Credit,Other,Other,1,1150,ZP
Credit,Other,Other,1,1150,ZX
Credit,Other,Other,1,1150,ZZ
Credit,Other,Other,1,1154,
Credit,Other,Other,1,1154,XX
Credit,Other,Other,1,1155,
Credit,Other,Other,1,1155,H3
Credit,Other,Other,1,1155,NF
Credit,Other,Other,1,1155,XE
Credit,Other,Other,1,1155,XX
Credit,Other,Other,1,1160,
Credit,Other,Other,1,1160,XX
Credit,Other,Other,1,1180,
Credit,Other,Other,1,1180,NF
Credit,Other,Other,1,1180,XX
Credit,Other,Other,1,1345,
Credit,Other,Other,1,1345,NF
Credit,Other,Other,1,1345,XX
Debit,Other,Other,1,1355,
Debit,Other,Other,1,1355,NF
Debit,Other,Other,1,1355,XX
Debit,Other,Other,1,3054,
Debit,Other,Other,1,3054,NF
Debit,Other,Other,1,3054,XX
Debit,Other,Other,1,3055,
Debit,Other,Other,1,3055,NF
Debit,Other,Other,1,3055,XW
Debit,Other,Other,1,3055,XX
Debit,Other,Other,1,3061,
Debit,Other,Other,1,3061,XX
Debit,Other,Other,1,3070,
Debit,Other,Other,1,3070,XX
Debit,Other,Other,1,3080,
Debit,Other,Other,1,3080,NF
Debit,Other,Other,1,3080,XX
Credit,Other,Other,1,3154,XX
Credit,Other,Other,1,3155,
Credit,Other,Other,1,3155,NF
Credit,Other,Other,1,3155,XX
Credit,Other,Other,1,3180,
Credit,Other,Other,1,3180,XX
Credit,Deposits In (External),Aussie Post Deposits,1,4010,
Credit,Deposits In (External),Aussie Post Deposits,1,4010,FF
Credit,Other,Other,1,4011,
Credit,Deposits In (External),Aussie Post Deposits,1,4015,
Credit,Deposits In (External),Aussie Post Deposits,1,4020,
Credit,Other,Other,1,4030,
Debit,Other,Other,1,4050,
Debit,Withdrawals Out (External),Foreign (Non-Redi) ATM withdrawals,1,4060,
Debit,Withdrawals Out (External),RediATM withdrawals,1,4060,YA
Debit,Withdrawals Out (External),Overseas ATM Withdrawals,1,4060,ZD
Debit,Withdrawals Out (External),Visa Purchases (Overseas And Domestic),1,4061,
Debit,Withdrawals Out (External),EFTPOS Purchase Transactions,1,4061,YB
Debit,Withdrawals Out (External),EFTPOS Purchase And Cash-Out Transactions,1,4061,YK
Debit,Withdrawals Out (External),Aussie Post Withdrawals,1,4061,ZG
Debit,Other,Other,1,4063,
Enquiry,Balance Enquiry,Foreign (Non-Redi) ATM Enquiry,1,4068,
Enquiry,Balance Enquiry,rediATM Balance Enquiry,1,4068,ZC
Debit,Other,Other,1,4110,
Debit,Other,Other,1,4110,01
Debit,Other,Other,1,4110,02
Debit,Other,Other,1,4110,03
Debit,Other,Other,1,4110,04
Debit,Other,Other,1,4110,05
Debit,Other,Other,1,4110,06
Debit,Other,Other,1,4110,07
Debit,Other,Other,1,4110,08
Debit,Other,Other,1,4110,09
Debit,Other,Other,1,4110,10
Debit,Other,Other,1,4110,11
Debit,Other,Other,1,4110,12
Debit,Other,Other,1,4111,01
Debit,Other,Other,1,4111,02
Debit,Other,Other,1,4111,03
Debit,Other,Other,1,4111,04
Debit,Other,Other,1,4111,05
Debit,Other,Other,1,4111,06
Debit,Other,Other,1,4111,07
Debit,Other,Other,1,4111,08
Debit,Other,Other,1,4111,09
Debit,Other,Other,1,4111,10
Debit,Other,Other,1,4111,11
Debit,Other,Other,1,4111,12
Debit,Other,Other,1,4120,
Credit,Other,Other,1,4160,
Credit,Other,Other,1,4160,YA
Credit,Other,Other,1,4161,
Credit,Other,Other,1,4161,YB
Credit,Other,Other,1,4161,YK
Credit,Other,Other,1,4161,ZG
Credit,Other,Other,1,4168,
Credit,Other,Other,1,4168,ZC
Credit,Other,Other,1,6014,
Credit,Other,Other,1,6024,
Credit,Other,Other,1,6032,XM
Credit,Transfers In (Internal),Regular Credit Transfer,1,6045,
Credit,Transfers In (Internal),Regular Credit Transfer,1,6045,NF
Credit,Transfers In (Internal),Regular Credit Transfer,1,6045,XB
Credit,Transfers In (Internal),Regular Credit Transfer,1,6045,XE
Credit,Transfers In (Internal),Regular Credit Transfer,1,6045,XF
Credit,Transfers In (Internal),Regular Credit Transfer,1,6045,XW
Credit,Transfers In (Internal),Regular Credit Transfer,1,6045,XX
Credit,Other,Other,1,6046,
Credit,Other,Other,1,6046,NF
Credit,Other,Other,1,6046,WT
Credit,Other,Other,1,6046,XX
Credit,Other,Other,1,6047,WT
Debit,Other,Other,1,6054,
Debit,Withdrawals Out (External),Periodical Payments (External),1,6054,1P
Debit,Withdrawals Out (External),Periodical Payments (External),1,6054,XW
Debit,Transfers Out (Internal),Reg Debit Transfer,1,6055,
Debit,Transfers Out (Internal),Reg Debit Transfer,1,6055,NF
Debit,Transfers Out (Internal),Reg Debit Transfer,1,6055,XB
Debit,Transfers Out (Internal),Reg Debit Transfer,1,6055,XE
Debit,Transfers Out (Internal),Reg Debit Transfer,1,6055,XF
Debit,Transfers Out (Internal),Reg Debit Transfer,1,6055,XW
Debit,Transfers Out (Internal),Reg Debit Transfer,1,6055,XX
Debit,Withdrawals Out (External),Backdated Cash Withdrawl,1,6060,
Debit,Other,Other,1,6069,TO
Debit,Other,Other,1,6080,SB
Debit,Other,Other,1,6145,
Debit,Other,Other,1,6145,NF
Debit,Other,Other,1,6145,XX
Debit,Other,Other,1,6146,
Debit,Other,Other,1,6146,WT
Credit,Other,Other,1,6154,XX
Credit,Other,Other,1,6155,
Credit,Other,Other,1,6155,NF
Credit,Other,Other,1,6155,XX
Credit,Other,Other,1,6180,
Credit,Other,Other,1,6180,XX
Credit,Other,Other,1,6730,
Credit,Other,Other,1,6730,XX
Debit,Other,Other,1,6750,
Debit,Other,Other,1,6750,NF
Debit,Other,Other,1,6750,XX
Credit,Other,Other,1,8160,
Credit,Other,Other,1,8160,YA
Credit,Other,Other,1,8161,
Credit,Other,Other,1,8161,YB
Credit,Other,Other,1,8161,YK
Credit,Other,Other,1,9940,
Debit,Other,Other,1,9982,
Debit,Other,Other,1,9983,
Debit,Interest Charged,Interest Charged,1,9990,
Debit,Dishonoured Transaction,Cheque Dishonour,1,51020,
Debit,Withdrawals Out (External),Cheque Withdrawals,1,51070,
Debit,Other,Other,1,51071,
Debit,Other,Other,1,51076,
Debit,Other,Other,1,51120,
Debit,Other,Other,1,51171,
Debit,Fees Charged,Direct Debit Dishonour Fee - $15,1,98060,
Debit,Fees Charged,Cheque Dishonour Fee - $15,1,98401,
Debit,Fees Charged,Overdrawn/Overlimit Fee - $15,1,98404,
Debit,Fees Charged,FI Cheque Withdrawal Fee - $7 (Previously $8),1,98405,
Debit,Fees Charged,Periodic Payment Fee - $2,1,98414,
Debit,Fees Charged,Arrears Letter Fee - $22,1,98415,
Debit,Fees Charged,Overseas ATM (EFT) Fee - $5,1,98419,
Debit,Fees Charged,Overdraft Fee - $3 Everyday OD Monthly Fee,1,98421,
Debit,Fees Charged,eSaver Staff Assisted Fee - $20 Fee,1,98422,
Debit,Fees Charged,Default Notice Fee - $33,1,98423,
Debit,Fees Charged,Bank@Post Cash Withdrawal Fee - $2,1,98424,
Debit,Other,Other,1,98427,
Debit,Fees Charged,rediATM Balance Enquiry Fee - $0.60,1,98428,
Debit,Fees Charged,Cash Withdrawal Under $50 Fee - $1.50,1,98429,
Debit,Other,Other,1,98431,
Credit,Other,Other,1,98501,
Credit,Other,Other,1,98505,
Credit,Other,Other,1,98522,
Credit,Other,Other,1,98524,
Credit,Other,Other,1,98527,
Credit,Other,Other,1,98528,
Credit,Other,Other,1,98529,
Credit,Other,Other,1,98531,
Debit,Other,Other,1,98696,
Debit,Fees Charged,Excess Transaction Fees  - Various Amounts,1,99877,
Debit,Fees Charged,Excess Transaction Fees  - Various Amounts,1,99877,00
Debit,Fees Charged,Excess Transaction Fees  - Various Amounts,1,99877,XX
Credit,Other,Other,1,99977,00
Credit,Other,Other,1,99977,XX
Other,Other,Other,20,0,
Other,Other,Other,24,0,
Other,Other,Other,33,0,
Other,Other,Other,33,732,
Other,Other,Other,33,752,
Other,Other,Other,33,900,
Other,Other,Other,33,902,
Other,Other,Other,33,903,
Other,Other,Other,33,904,
Other,Other,Other,33,950,
Other,Other,Other,33,1020,
Other,Other,Other,33,1030,
Other,Other,Other,33,1040,
Other,Other,Other,33,1045,
Other,Other,Other,33,1051,
Other,Other,Other,33,1054,
Other,Other,Other,33,1055,
Other,Other,Other,33,2010,
Other,Other,Other,33,3052,
Other,Other,Other,33,6045,
Other,Other,Other,33,6046,
Other,Other,Other,33,7000,
Other,Other,Other,33,7010,
Other,Other,Other,33,7046,
Other,Other,Other,33,7054,
Other,Other,Other,33,50210,
Other,Other,Other,33,60422,
Other,Other,Other,34,51020,
Other,Other,Other,34,51079,
Other,Other,Other,36,1045,
Other,Other,Other,36,1047,
Other,Other,Other,36,1054,
Other,Other,Other,36,1055,
Other,Other,Other,36,1057,
Other,Other,Other,36,1345,
Other,Other,Other,36,1355,
Other,Other,Other,36,3054,
Other,Other,Other,36,3055,
Other,Other,Other,36,3155,
Other,Other,Other,36,6032,
Other,Other,Other,36,6045,
Other,Other,Other,36,6046,
Other,Other,Other,36,6054,
Other,Other,Other,36,6055,
Other,Other,Other,40,1010,
Other,Other,Other,40,1020,
Other,Other,Other,40,1030,
Other,Other,Other,40,1045,
Other,Other,Other,40,1145,
Other,Other,Other,40,2000,
Other,Other,Other,40,2001,
Other,Other,Other,40,2002,
Other,Other,Other,40,6045,
Other,Other,Other,40,6046,
Other,Other,Other,40,6145,
Other,Other,Other,40,7000,
Other,Other,Other,40,7046,
Other,Other,Other,47,7046,
Other,Other,Other,86,,
Other,Other,Other,86,0,
Other,Other,Other,86,6760,
