GL_CODE,GL_DESCRIPTION
36219500,Housing Loans - Variable
36279500,Housing Loans - One Year Fixed
36339500,Housing Loans - Two Year Fixed
36389500,Housing Loans - Three Year Fixed
36399500,Housing Loans - Four Year Fixed
36409500,Housing Loans - Five Year Fixed
36499500,Personal Loans
40289500,Savings Accounts
36039500,Overdrafts
36069500,Line of Credit
36099500,Commercial Loans
40079500,Term Deposits
40149500,CUA FPI Account
40219500,Special Deposits
40259500,Cash Management
50119500,Shares
36939500,Bad Debt
42799500,CashHandling
30319500,Clearing Account
33719500,Suspense Account
36079500,Credit Cards Receivable