INSU_SUB_TYPE,INSU_SUB_TYPE_DESCRIPTION
1,
2,
3,
4,
5,
6,
7,
8,
9,
10,
11,
12,Unemployment and Disablement
13,Disablement
14,Life only
15,Gap
16,Loan Repayment Insurance
17,CVN - Caravan
18,FPI - Finance
19,FLB - Flood
20,FLC - Flood
21,HOB - Building
22,HOC - Contents
23,LCC - Landlord
24,DPC - Motor
25,DSC - Motor
26,DST - Motor Vehicle
27,DPT - Motor Vehicle - TP
28,IPP - Personal Property
29,MCC - Motor Cycle
30,MCP - Motor Cycle - TP
31,RDO - Rent
32,Commercial
33,MHA - Pleasure
34,MHH - Marine Hull
35,MHL - Marine Hull Liability
36,FLM - Building