CANCELLATION_CODE,CANCELLATION_DESC
AC,Agency Cancelled
AL,Auto Lapsed
AR,Unknown
BS,Bad Service
CC,Competition Cover
CD,Client Dissatisfied
CE,Claims Experience
CH,Claims History
CO,No Reply to Correspondence
CP,Contract Paid Out
CR,Cover Note Replaced
CS,Claims Service
CU,Culled Business
CV,Unknown
D*,Unknown
DC,Change of Inception Date
DD,Change of Debit Date
DH,Dishonour
DP,Declined Postcode
DR,Driver Renewal
ED,Excess Dishonours
ER,Error Correction
FC,Formal Complaint
FR,Fradulent Claim
FX,Unknown
IC,Insured Elsewhere Credit Union
IE,Insured Elsewhere (another company)
LA,Left Address/Gone OS
ND,Insured Other Branch
NP,Unknown
NR,Not Req/Moved
OT,Other
PC,Cooling-off Period
PP,Premium Not Paid
PR,Policy Replaced (other reason only)
PS,Property Sold (vehicle or home)
QT,QT Lapse
RA,Risk Unacceptable
RN,Do not renew/Should not have renewed (IB)
RP,Replaced Policy
RT,RTA Lapse
SC,Change of Subclass (eg CMP to LLP)
SR,Sold Risk
TL,Total Loss
UA,Non Renewable
UB,Declined Renewal
UC,Co-Morbidity
ZC,Co-Morbidity (counter-offer)
ZM,Single condition (counter-offer)
ZN,Unable to contact (counter-offer)
ZX,Multiple condition (counter-offer)
UM,single condition
UN,Unable to contact
UP,Unpaid/Paid and full refund required
UW,Underwriting Action (decline)
UX,multiple conditions
VR,Veh Mods Renewal
VS,Vehicle Sold