TRANSACTION_TYPE,TRANSACTION_TYPE_DESC
1,Financial Transactions
2,Credit Card Purchase Details (NOT FOR CUA)
3,Merchant Details (NOT FOR CUA)
6,Penalty Repayment (NOT FOR CUA)
7,Incoming Remittance (NOT FOR CUA)
20,Cheque Details
23,Booking Number Reference (NOT FOR CUA)
24,Payee Name
25,Repayment Total Prior to Disbursement (NOT FOR CUA)
30,Stop Transactions
31,Hold Transactions
33,Free Format Message
34,Interest Rate Change Message
35,Customer Cheque Dishonour (NOT FOR CUA)
36,Transfer Details
45,Consolidated Deposit (NOT FOR CUA)
46,Change Loan Type and Sub Category
47,Account Type/Home Branch Change
49,Change of Bad Debt Status (NOT FOR CUA)
53,Interest Saved Due to Offset Arrangement
80,Charge
81,Rebate