Branch_ID,Branch_Name,Close_Date,Comments
113,Ex Broadway On The Mall,31/05/2013,CBD
114,Ex Nambour,30/06/2013,NEO
129,Ex Caloundra,6/05/2013,NEO
132,Ex Bribie Island,30/06/2013,NEO
133,Ex Springwood,30/06/2013,NEO
150,Ex Eagle Street,31/07/2013,CBD
166,Ex Moorooka,1/01/2013,Unknown Closed Date
169,Ex Beenleigh,1/01/2013,Unknown Closed Date
180,Ex Emerald,30/06/2013,NEO
200,Ex Tweed Heads South,30/06/2013,NEO
203,Ex Willows,31/10/2012,Apollo
213,Ex Pacific Fair,31/10/2012,Apollo
301,Ex Morwell,31/10/2012,Apollo
340,Ex Lalor,28/02/2013,
341,Ex Preston,31/10/2012,Apollo
343,Ex Greensborough,31/10/2012,Apollo
344,Ex Fawkner,31/10/2012,Apollo
345,Ex Whittlesea,31/10/2012,Apollo
354,Ex Whittlesea,31/10/2012,Apollo
392,Ex Ballina,30/06/2013,NEO
399,Ex Castletown,1/01/2013,Unknown Closed Date
418,Ex Hurstville,1/01/2013,Unknown Closed Date
419,Ex North Ryde,1/01/2013,Unknown Closed Date
445,Ex Coffs Harbour,1/01/2013,Unknown Closed Date
481,Ex Victoria Point,30/09/2013,NEO
482,Ex Liverpool,30/09/2013,NEO
510,Ex Camperdown,1/01/2013,Unknown Closed Date
513,Ex Delegate,1/01/2013,Unknown Closed Date
514,Ex Carrington,1/01/2013,Unknown Closed Date
522,Ex Ufs Wa,1/01/2013,Unknown Closed Date
523,Ex First Nations (Collins),1/01/2013,Unknown Closed Date
524,Ex Shepparton,1/01/2013,Unknown Closed Date
526,Ex Crinilla,1/01/2013,Unknown Closed Date
530,Exwarrawong,22/07/2016,
532,Ex Woolongong Hospital,1/01/2013,Unknown Closed Date
533,Exnowra,30/09/2014,
534,Ex Kiama,1/01/2013,Unknown Closed Date
535,Ex Adelaide St,1/01/2013,Unknown Closed Date
540,Ex Rozelle,1/01/2013,Unknown Closed Date
638,Ex Springfield,30/06/2013,NEO
640,Ex Business Retention,1/01/2013,Unknown Closed Date
706,Ex Hls Crown St,28/02/2015,
31,RAPS Test Branch,30/06/2015,
519,Bourke Street,31/07/2017,Merged with Melbourne CBD/William Street
