REGION_ID,REGION_DESC,CHANNEL_ID
1,Small Business,2
2,Broker Sales,5
3,Brisbane South/Gold Coast,1
4,Regional Queensland,1
5,Retail Transformation,1
7,Ex QLD Country,1
11,Meeting Rooms,9
12,Lending And Head Office,9
13,Victoria,1
14,Broker Sales Support,5
15,Home Loan Specialists,4
17,Ex Agencies/Ex Branches,9
18,Customer Contact Centre Service QLD,2
19,NSW North West,1
20,Mobile Banking,3
21,Customer Contact Centre Service NSW,2
22,Mis Internal Branches,6
23,NSW South,1
25,Alliance & Affinity Group,8
26,Customer Contact Centre Service VIC,2
28,Western Australia,1
29,Ex Sales Staff,9
30,Corporate Investments,8
31,Customer Contact Centre Lending,2
32,Customer Contact Centre E Access,2
33,Customer Contact Centre Admin/Manager,2
34,Mortgage Solutions,8
35,Customer Contact Centre Outbound,2
36,Brisbane North/Sunshine Coast,1
37,Victoria West,1
38,Victoria East,1
39,Customer Contact Centre Insurance,2
40,NSW North,1
41,Victoria East,1
42,Brisbane Central,1
43,Insurance Dist Ctr,2
44,Digital Self Service,10
45,Digital,6
46,Queensland,1
47,New South Wales,1
