"@{Success=True; StatusCode=; Body=ï»¿""Incident ID""","Incident Title","Incident Owner","Days Open","Incident Due Date","Incident Rating","Incident Status","Root Cause Reason","Action ID","Action Name","Action Due Date","Action Status","Action Owner","Remediation ID","Remediation Name","Current Lifecycle Phase","Date of last remediation activity","Details of Regulatory Commitments"
"INC-00116","test for closure","","822.833333","8/11/2024","3 - Moderate","Open","People:Inadequate supervision.","ACT-000064","Ameliorate the gap in process and ensure recorrance does not occur.","10/7/2024","Closed","",,,,,
"INC-00116","test for closure","","822.833333","8/11/2024","3 - Moderate","Open","People:Inadequate supervision.","","","","","","REM-000031","fred ","Planning","4/7/2024 1:37 pm","lajsdfkljdlf"
"INC-00143","Remediation of customers","","814.791667","26/8/2024","3 - Moderate","Open","People:Inadequate training","","","","","","REM-000035","Compensation","Discovery","12/7/2024 2:29 pm","Complete investigation by 26 July 2024."
"INC-00179","Compliance Assessment","","803.833333","31/7/2024","2 - Minor","Open","External:Malicious, fraudulent or inappropriate activity by customers, counterparties, suppliers, third parties etc.",,,,,,,,,,
"INC-00228","test notification 2","Suneeth, Ksai","794.666667","22/8/2024","2 - Minor","Open","External:Changes in regulation and / or legislation",,,,,,,,,,
"INC-00247","Al test 456asdfsd","Lewitton, Alan","788.708333","14/8/2024","2 - Minor","Pending Analysis","People:Inadequate staff capacity planning or resourcing",,,,,,,,,,
"INC-00311","ab","ATestUser304, SP-UAT304","755.75","20/9/2024","2 - Minor","Open","People:Inadvertent staff mistake","","","","","","REM-000048","abc","Execution","9/9/2024 4:24 pm",""
"INC-00314","hgjgj","","754.75","20/9/2024","3 - Moderate","Open","People:Inadequate training","ACT-000037","CH action man","5/7/2024","Closed","",,,,,
"INC-00314","hgjgj","","754.75","20/9/2024","3 - Moderate","Open","People:Inadequate training","ACT-000038","CH Open Action for close","6/7/2024","Closed","",,,,,
"INC-00372","efds","","612.916667","31/1/2025","2 - Minor","Open","External:Changes in regulation and / or legislation",,,,,,,,,,
"INC-00396","EJ Test 2 ","","605.833333","13/2/2025","1 - Insignificant","Open","Systems:Inadequate system testing",,,,,,,,,,
"INC-00399","Test","Khou, James","576.875","28/3/2025","2 - Minor","Open","External:Malicious, fraudulent or inappropriate activity by customers, counterparties, suppliers, third parties etc.","ACT-000036","Retest Due date error message","18/6/2024","Closed","",,,,,
"INC-00400","SDSDSD","Yggdrasil, Alex","569.875","19/3/2025","5 - Extreme","Open","Process:Policy documents or processes do not exist",,,,,,,,,,
"INC-00409","sadfasdf","Yggdrasil, Alex","559.791667","6/5/2025","5 - Extreme","Open","People:Inadequate design and documentation of business user requirements","ACT-000265","sdsdfd","18/12/2025","In Progress","",,,,,
"INC-00436","Compliance Breach Reporting Test","Khou, James","458.791667","31/10/2025","4 - Major","Open","External:Changes in geopolitical / economic / social   environment of the Bank",,,,,,,,,,
"INC-00444","Big breach 3","ATestUser305, SP-UAT305","450.875","31/7/2025","2 - Minor","Pending Analysis","External:Changes in geopolitical / economic / social   environment of the Bank",,,,,,,,,,
"INC-00453","Test","Khou, James","395.833333","27/9/2025","3 - Moderate","Open","Process:Process is too manual",,,,,,,,,,
"INC-00457","GU INC Owner","Khou, James","394.875","4/10/2025","3 - Moderate","Open","Process:Inadequate / ineffective disaster recovery planning","","","","","","REM-000059","Test","","8/9/2025 10:02 am",""
"INC-00461","Regression test v3.2","","388.833333","30/9/2025","4 - Major","Open","Safety, Health & Wellbeing:Ergonomic Hazard","ACT-000288","Test","30/9/2025","Closed","",,,,,
"INC-00461","Regression test v3.2","","388.833333","30/9/2025","4 - Major","Open","Safety, Health & Wellbeing:Ergonomic Hazard","","","","","","REM-000060","Test","","15/9/2025 12:42 pm",""
"INC-00461","Regression test v3.2","","388.833333","30/9/2025","4 - Major","Open","Safety, Health & Wellbeing:Ergonomic Hazard","","","","","","REM-000063","TEST","Pending","19/2/2026 9:05 am",""
"INC-00494","Test","Khou, James","96.833333","31/7/2026","5 - Extreme","Open","People:Inadvertent staff mistake",,,,,,,,,,
"INC-00495","Test.","Khou (Manual), James","88.833333","31/7/2026","3 - Moderate","Open","People:Staff do not have necessary skills or experience to perform assigned role","ACT-000318","Test 1","20/7/2026","In Progress","Khou (Manual), James",,,,,
"INC-00495","Test.","Khou (Manual), James","88.833333","31/7/2026","3 - Moderate","Open","People:Staff do not have necessary skills or experience to perform assigned role","ACT-000319","Test 2","8/7/2026","In Progress","Khou (Manual), James",,,,,
"}",,,,,,,,,,,,,,,,,
