"@{Success=True; StatusCode=; Body=ï»¿""Obligation ID""","Obligation Name","Business Hierarchy","Obligation Owner","Responsible Senior Leader","Next Assessment Date","Inherent Risk Rating","Controls","Obligations Control Coverage","Obligation Related Issues","Obligation Related Incidents"
"OBG-351421","Plant and Structures-11225","GSB - CCO - Digital","Harper, Chris","Khou, James","7/8/2026","Medium","CTL-000009;CTL-000098","Inadequate Control Coverage","ISS-00048;ISS-00051;ISS-00057;ISS-00061;ISS-00062;ISS-00064;ISS-00066","INC-00371;INC-00380"
"OBG-351422","Seacare scheme insurance-1095003","GSB - CCO","Harper, Chris","Khou, James","13/2/2026","Very Low","","Adequate Control Coverage","ISS-00467",""
"OBG-351423","Consultation with Workers-11121","GSB - CCO - Business Controls","Harper, Chris","Khou, James","2/12/2026","High","CTL-000008;CTL-000010;CTL-000027;CTL-000099;CTL-000115;CTL-000129;CTL-000131;CTL-000156","Partial Control Coverage","ISS-00050","INC-00338;INC-00383;INC-00420;INC-00436;INC-00453"
"OBG-351424","Officerâs duties-11094","GSB - CEO","Khou, James","","31/1/2026","Very High","CTL-000010","Partial Control Coverage","ISS-00050",""
"OBG-351426","Workplace Management â Construction Work-11320","GSB - CEO","Khou, James","Khou, James","25/9/2030","Medium","CTL-000010;CTL-000117;CTL-000118","Adequate Control Coverage","ISS-00065;ISS-00067;ISS-00068;ISS-00071;ISS-00079;ISS-00593","INC-00047;INC-00050;INC-00052;INC-00054;INC-00055;INC-00057"
"OBG-351427","Primary duty of care-11076","GSB - CFO","Bradshaw, Steven","","5/9/2025","Medium","CTL-000007","","",""
"OBG-351428","Consultation with Workers-11121","GSB - CIO","Harper, Chris","","5/9/2025","Very High","CTL-000009","Inadequate Control Coverage","ISS-00050","INC-00040;INC-00041;INC-00042;INC-00043;INC-00044;INC-00045;INC-00046;INC-00047;INC-00048;INC-00049;INC-00050;INC-00051;INC-00052;INC-00053;INC-00054;INC-00055;INC-00057;INC-00058;INC-00059;INC-00060;INC-00352;INC-00353;INC-00354;INC-00355;INC-00356;INC-00357;INC-00358;INC-00359;INC-00360;INC-00361;INC-00362;INC-00363;INC-00364;INC-00365;INC-00366;INC-00367;INC-00368;INC-00370;INC-00384"
"OBG-351429","Officerâs duties-11094","GSB - CIO","Harper, Chris","","5/9/2025","High","CTL-000013","Inadequate Control Coverage","ISS-00057",""
"OBG-351430","Officerâs duties-11094","GSB - COO","Harper, Chris","","","","","","ISS-00459","INC-00365"
"OBG-351431","Workplace Management â Construction Work-11320","GSB - COO","Harper, Chris","","","High","","","ISS-00459","INC-00365"
"OBG-351432","Plant and Structures-11225","GSB - B&EF","Harper, Chris","","5/9/2025","Very High","CTL-000010","Adequate Control Coverage","ISS-00051",""
"OBG-351436","","GSB - CEO","Khou, James","","9/5/2025","Very Low","CTL-000006;CTL-000010;CTL-000111","Adequate Control Coverage","ISS-00050","INC-00047"
"OBG-351441","","","","","22/11/2026","Medium","","","",""
"OBG-351443","","","","","22/11/2026","Very Low","","","",""
"OBG-351452","","","","Khou, James","22/11/2026","Medium","","","",""
"OBG-351529","Risk and Hazard Management-11104","GSB - CCO","Harper, Chris","Suneeth, Ksai","","Medium","CTL-000006","","ISS-00459",""
"OBG-351530","Risk and Hazard Management-11104","GSB - CEO","Khou, James","","14/7/2027","Very High","","Partial Control Coverage","","INC-00504"
"OBG-351531","Risk and Hazard Management-11104","GSB - COO","Harper, Chris","","25/2/2026","Very Low","","","",""
"OBG-351589","[Archived] Awareness of and Training in Anti-bribery and Corruption Policy-8196","GSB - CIO","Harper, Chris","","5/9/2025","Medium","CTL-000010","","",""
"OBG-351590","Duties of Directors and Other Officers-8199","GSB - CIO","Harper, Chris;Khou, James","","30/1/2027","Low","","Adequate Control Coverage","",""
"OBG-351591","[Archived] Awareness of and Training in Anti-bribery and Corruption Policy-8196","GSB - CPO","","","15/1/2026","Very High","CTL-000010;CTL-000018;CTL-000098","Inadequate Control Coverage","ISS-00054;ISS-00058","INC-00053"
"OBG-351592","Duties of Directors and Other Officers-8199","GSB - CPO","Khou, James","","2/12/2026","Very High","CTL-000006","Inadequate Control Coverage","",""
"OBG-351594","Identifying other duty holders-7247","Credicorp - CCI","Saxena, Unnati","","30/1/2025","Very High","CTL-000007","","",""
"OBG-351595","Identifying other duty holders-7247","GSB - CIO","Harper, Chris","","30/9/2027","Very High","","","",""
"OBG-351596","Identifying other duty holders-7247","GSB - B&EF","Harper, Chris","","3/12/2025","High","","Adequate Control Coverage","",""
"OBG-351600","Ordinary securities-27256","GSB - CFO","Bradshaw, Steven","","15/1/2026","Very High","","Partial Control Coverage","ISS-00054",""
"OBG-351626","News Media and Digital Platforms Mandatory Bargaining Code-332150","GSB - CEO","Khou, James","","27/12/2024","Medium","CTL-000007;CTL-000008;CTL-000018;CTL-000037","Adequate Control Coverage","",""
"OBG-351627","News Media and Digital Platforms Mandatory Bargaining Code-332150","GSB - CFO","Bradshaw, Steven","Khou, James","28/11/2025","High","","","",""
"OBG-351628","News Media and Digital Platforms Mandatory Bargaining Code-332150","GSB - CPO","","","17/12/2026","Low","CTL-000018","Inadequate Control Coverage","ISS-00054",""
"OBG-351629","News Media and Digital Platforms Mandatory Bargaining Code-332150","GSB - CRO","Suneeth, Ksai","","28/11/2026","Very Low","CTL-000008;CTL-000017","Inadequate Control Coverage","",""
"OBG-351659","The Foreign Influence Transparency Scheme-210311","Credicorp - CCI","Saxena, Unnati","","","","","","",""
"OBG-351660","The Foreign Influence Transparency Scheme-210311","GSB - CCO","Harper, Chris","","3/12/2026","Medium","CTL-000011","Partial Control Coverage","ISS-00050",""
"OBG-351661","The Foreign Influence Transparency Scheme-210311","GSB - B&EF","Harper, Chris","","6/12/2025","","","","",""
"OBG-351805","Falls prevention-11355","GSB - CIO","Harper, Chris","","4/12/2025","Very High","","","",""
"OBG-351806","Falls prevention-11355","GSB - CRO","Suneeth, Ksai","","18/2/2025","Low","","Adequate Control Coverage","",""
"OBG-351839","Risks of musculoskeletal disorders from hazardous manual tasks-11383","GSB - CPO","","","19/1/2025","Very High","","Adequate Control Coverage","",""
"OBG-351840","Risks of musculoskeletal disorders from hazardous manual tasks-11383","GSB - CRO","Suneeth, Ksai","","20/12/2024","Low","CTL-000017;CTL-000018;CTL-000037;CTL-000066","Partial Control Coverage","ISS-00057",""
"OBG-351841","Advertising, marketing and other branded communications-7432","GSB - CEO","Khou, James","Saxena, Unnati","21/12/2024","Very High","","Inadequate Control Coverage","ISS-00048","INC-00047"
"OBG-382441","Entities Subject to Whistleblowing Laws-699066","GSB - CCO","Harper, Chris","","27/12/2024","Medium","CTL-000008","Inadequate Control Coverage","",""
"OBG-445396","Monitoring and reviewing consultation, cooperation and coordination arrangements-7250","GSB - CPO","","","20/12/2024","Low","CTL-000010;CTL-000011","Inadequate Control Coverage","",""
"OBG-642056","Unsolicited information-7643","GSB - CPO","","Suneeth, Ksai","20/12/2024","Low","CTL-000007;CTL-000010","","",""
"OBG-642057","Unsolicited information-7643","GSB - CRO","Suneeth, Ksai","Suneeth, Ksai","15/1/2026","High","CTL-000171","Adequate Control Coverage","",""
"OBG-642061","Workplace and Facilities Management-11178","GSB - CEO","Khou, James","","17/3/2026","Very High","","Inadequate Control Coverage","",""
"OBG-642064","Investigations and Enforcement-11947","GSB - CEO","Khou, James","","14/1/2027","Medium","CTL-000006","Adequate Control Coverage","",""
"OBG-652181","[Archived] When a cash settlement fact sheet is required-1101746","GSB - CCO","Harper, Chris","","20/12/2026","Medium","","","",""
"OBG-652183","[Archived] When a cash settlement fact sheet is required-1101746","GSB - CFO","Bradshaw, Steven","","26/2/2026","Low","CTL-000006;CTL-000007;CTL-000008;CTL-000010","","",""
"OBG-652184","Complying with the Scam-Safe Accord-1101925","GSB - CFO","Bradshaw, Steven","Suneeth, Ksai","","","CTL-000006;CTL-000008;CTL-000010;CTL-000015;CTL-000018","","",""
"OBG-652286","Plant and Structures-11225","GSB - CFO","Bradshaw, Steven","","","","","","",""
"OBG-652386","Key Bribery Offences-8193","GSB - CEO","Khou, James","","28/12/2026","Medium","CTL-000008;CTL-000013","","",""
"OBG-652718","[Archived] Cash Settlement Fact Sheets-1099855","Credicorp - CCI","Saxena, Unnati","","","","","","",""
"OBG-652719","[Archived] Cash Settlement Fact Sheets-1099855","GSB - CCO","Harper, Chris","","14/3/2026","Very High","CTL-000010","Adequate Control Coverage","",""
"OBG-652720","[Archived] Cash Settlement Fact Sheets-1099855","GSB - CEO","Khou, James","","30/1/2027","Very Low","CTL-000042;CTL-000045","","",""
"OBG-652721","[Archived] Cash Settlement Fact Sheets-1099855","GSB - CFO","Bradshaw, Steven","Suneeth, Ksai","8/1/2027","Very Low","CTL-000010;CTL-000020;CTL-000031","","","INC-00044"
"OBG-652722","[Archived] Cash Settlement Fact Sheets-1099855","GSB - CIO","Harper, Chris","","","","CTL-000006;CTL-000007;CTL-000008;CTL-000010;CTL-000012;CTL-000015;CTL-000017;CTL-000023","","",""
"OBG-652723","[Archived] Cash Settlement Fact Sheets-1099855","GSB - COO","Harper, Chris","","","","CTL-000071;CTL-000077;CTL-000097","","",""
"OBG-652724","[Archived] Cash Settlement Fact Sheets-1099855","GSB - CPO","","","8/1/2027","Medium","CTL-000088","","",""
"OBG-652725","[Archived] Cash Settlement Fact Sheets-1099855","GSB - CRO","Suneeth, Ksai","","16/1/2026","High","CTL-000102","Inadequate Control Coverage","ISS-00050;ISS-00460;ISS-00462","INC-00041"
"OBG-652726","[Archived] Cash Settlement Fact Sheets-1099855","GSB - B&EF","Harper, Chris","","","","","","",""
"OBG-652779","Workplace Management â Electrical Risks-11523","GSB - CEO","Khou, James","","10/1/2026","High","CTL-000027","","",""
"OBG-652789","[Archived] When a cash settlement fact sheet is required-1101746","Credicorp - CCI","Saxena, Unnati","","","","","","",""
"OBG-652791","[Archived] When a cash settlement fact sheet is required-1101746","GSB - CIO","Harper, Chris","","","","","","",""
"OBG-652792","[Archived] When a cash settlement fact sheet is required-1101746","GSB - COO","Harper, Chris","Bradshaw, Steven","14/3/2027","Very Low","CTL-000098","Adequate Control Coverage","",""
"OBG-652793","[Archived] When a cash settlement fact sheet is required-1101746","GSB - CPO","","","31/1/2027","Medium","CTL-000010;CTL-000012;CTL-000163","Adequate Control Coverage","ISS-00056",""
"OBG-652794","[Archived] When a cash settlement fact sheet is required-1101746","GSB - CRO","Suneeth, Ksai","","","","","","",""
"OBG-652795","[Archived] When a cash settlement fact sheet is required-1101746","GSB - B&EF","Harper, Chris","","27/2/2026","","","","",""
"OBG-652796","Election to receive documents-1086748","Credicorp - CCI","Saxena, Unnati","","","","","","",""
"OBG-652797","Election to receive documents-1086748","GSB - CCO","Harper, Chris","","17/1/2026","","","","",""
"OBG-652799","Election to receive documents-1086748","GSB - CFO","Bradshaw, Steven","","","","","","",""
"OBG-652800","Election to receive documents-1086748","GSB - CIO","Harper, Chris","","16/1/2026","Very High","CTL-000130","Adequate Control Coverage","",""
"OBG-652801","Election to receive documents-1086748","GSB - COO","Harper, Chris","Suneeth, Ksai","","","CTL-000006;CTL-000009","","",""
"OBG-652802","Election to receive documents-1086748","GSB - CPO","","","","","","","",""
"OBG-652803","Election to receive documents-1086748","GSB - CRO","Suneeth, Ksai","","","","","","",""
"OBG-652804","Election to receive documents-1086748","GSB - B&EF","Harper, Chris","","","","","","",""
"OBG-652874","Introducing third parties or distributing third party products-702352","GSB - CCO","Harper, Chris","","31/1/2027","Low","CTL-000036","Partial Control Coverage","ISS-00058","INC-00057"
"OBG-652875","Privacy protection and security-702392","GSB - CCO","Harper, Chris","","","","","","",""
"OBG-652876","Introducing third parties or distributing third party products-702352","GSB - COO","Harper, Chris","","14/1/2027","Medium","","Adequate Control Coverage","",""
"OBG-652877","Privacy protection and security-702392","GSB - COO","Harper, Chris","","13/1/2027","Low","CTL-000098","","ISS-00459","INC-00365"
"OBG-652878","Introducing third parties or distributing third party products-702352","GSB - B&EF","Harper, Chris","","","","","","",""
"OBG-652879","Privacy protection and security-702392","GSB - B&EF","Harper, Chris","","","","","","",""
"OBG-652903","Company Formation-8890","GSB - CFO","Bradshaw, Steven","Bradshaw, Steven","16/1/2027","Very Low","CTL-000098","Adequate Control Coverage","",""
"OBG-652936","Responsibility for capital management-209726","GSB - CFO","Bradshaw, Steven","","","","","","",""
"OBG-652940","Customer Due Diligence-17990","GSB - CCO","Harper, Chris","","6/2/2026","Very High","CTL-000122;CTL-000125","Adequate Control Coverage","",""
"OBG-652941","Capital conservation buffer and countercyclical capital buffer-210199","GSB - CFO","Bradshaw, Steven","Suneeth, Ksai","","","","","",""
"OBG-652942","Complying with recapitalisation directions-20911","GSB - CFO","Bradshaw, Steven","","","","","","",""
"OBG-652943","Internal capital adequacy assessment process-209730","GSB - CFO","Bradshaw, Steven","","15/1/2027","Medium","","","",""
"OBG-652944","Minimum Leverage ratio requirement-210212","GSB - CFO","Bradshaw, Steven","","16/1/2026","High","CTL-000010;CTL-000023","Adequate Control Coverage","",""
"OBG-652945","Minimum risk-based capital adequacy requirements-210193","GSB - CFO","Bradshaw, Steven","","","","","","",""
"OBG-652946","Notification requirements-210222","GSB - CFO","Bradshaw, Steven","","30/1/2027","Medium","","Inadequate Control Coverage","","INC-00372"
"OBG-652947","Reductions in capital-210216","GSB - CFO","Bradshaw, Steven","","","","","","",""
"OBG-652948","Customer Due Diligence-17990","GSB - COO","Harper, Chris","","","","","","",""
"OBG-652949","Customer Due Diligence-17990","GSB - B&EF","Harper, Chris","","","","","","",""
"OBG-652960","Business Continuity Requirements-1009922","GSB - CRO","Suneeth, Ksai","","20/1/2026","Very High","CTL-000021","Inadequate Control Coverage","ISS-00056","INC-00050"
"OBG-652961","Key Principles-1009906","GSB - CRO","Suneeth, Ksai","","15/1/2027","Medium","","","",""
"OBG-652966","Debt Collection-7498","GSB - CRO","Suneeth, Ksai","","15/1/2027","Medium","CTL-000099","Adequate Control Coverage","ISS-00460",""
"OBG-652993","Access to registers-9017","GSB - COO","Harper, Chris","","15/1/2027","Medium","CTL-000098","Adequate Control Coverage","ISS-00459",""
"OBG-652994","Access to registers-9017","GSB - CPO","","","","","","","",""
"OBG-652995","Access to registers-9017","GSB - CRO","Suneeth, Ksai","","","","","","",""
"OBG-653014","Access to registers-9017","GSB - B&EF","Harper, Chris","","15/1/2026","Very High","CTL-000100;CTL-000162","Partial Control Coverage","ISS-00048;ISS-00461;ISS-00518",""
"OBG-653015","Access to records-314226","GSB - CPO","","","5/2/2027","Very Low","","Adequate Control Coverage","",""
"OBG-653027","Workplace Entry by WHS Entry Permit Holders-12003","GSB - CRO","Suneeth, Ksai","","","","","","",""
"OBG-653030","Fairness in Contract Terms-7501","GSB - CEO","Khou, James","","30/1/2026","Very High","CTL-000012;CTL-000017;CTL-000078","Inadequate Control Coverage","",""
"OBG-653031","Work Health and Safety Management System-11067","GSB - B&EF","Harper, Chris","Bradshaw, Steven","16/1/2027","Low","CTL-000010;CTL-000018;CTL-000101","Adequate Control Coverage","",""
"OBG-653033","Health and safety policy and objectives-11088","GSB - CIO","Harper, Chris","","20/1/2026","High","CTL-000014","Partial Control Coverage","",""
"OBG-653034","Determining work groups-11132","GSB - CPO","","","","","","","",""
"OBG-653038","Baseline of network operations and data flows-742580","GSB - CRO","Suneeth, Ksai","","13/7/2027","Medium","","","",""
"OBG-653129","Develop a business plan-37796","GSB - CRO","Suneeth, Ksai","","21/1/2026","Very High","CTL-000105","Adequate Control Coverage","",""
"OBG-653130","Establish a risk management function-37799","GSB - CRO","Suneeth, Ksai","","30/1/2027","Low","CTL-000056;CTL-000068","Adequate Control Coverage","ISS-00064","INC-00053"
"OBG-653131","Identify risks and maintain a risk management strategy-37790","GSB - CRO","Suneeth, Ksai","","31/1/2026","High","","Adequate Control Coverage","",""
"OBG-653132","Maintain a risk appetite statement-37793","GSB - CRO","Suneeth, Ksai","","4/2/2027","Very Low","CTL-000015;CTL-000019","Adequate Control Coverage","",""
"OBG-653133","Review of the risk management framework-37802","GSB - CRO","Suneeth, Ksai","","","","","","",""
"OBG-653134","Submit a risk management declaration to APRA-37805","GSB - CRO","Suneeth, Ksai","","","","","","",""
"OBG-653355","Complying with the Banking Code of Practice 2025-1107962","Credicorp - CCI","Saxena, Unnati","","26/2/2026","","","","",""
"OBG-653356","Complying with the Banking Code of Practice 2025-1107962","GSB - CCO","Harper, Chris","","","","","","",""
"OBG-653357","Complying with the Banking Code of Practice 2025-1107962","GSB - CEO","Khou, James","","22/1/2027","Low","CTL-000042","","ISS-00056","INC-00051"
"OBG-653358","Complying with the Banking Code of Practice 2025-1107962","GSB - CFO","Bradshaw, Steven","Bradshaw, Steven","","","","","",""
"OBG-653359","Complying with the Banking Code of Practice 2025-1107962","GSB - CIO","Harper, Chris","","","","","","ISS-00626",""
"OBG-653360","Complying with the Banking Code of Practice 2025-1107962","GSB - COO","Harper, Chris","","","","","","",""
"OBG-653361","Complying with the Banking Code of Practice 2025-1107962","GSB - CPO","","","","","","","",""
"OBG-653362","Complying with the Banking Code of Practice 2025-1107962","GSB - CRO","Suneeth, Ksai","","","","","","",""
"OBG-653363","Complying with the Banking Code of Practice 2025-1107962","GSB - B&EF","Harper, Chris","","9/5/2027","Low","","Inadequate Control Coverage","",""
"OBG-653371","Capability of related and third parties-1009816","GSB - CIO","Harper, Chris","","","","","","",""
"OBG-653372","Considerations for the board-1009804","GSB - CIO","Harper, Chris","","","","","","",""
"OBG-653373","Defining roles and responsibilities-1009808","GSB - CIO","Harper, Chris","","","","","","",""
"OBG-653374","Maintaining sufficient capability-1009812","GSB - CIO","Harper, Chris","","","","","","",""
"OBG-653615","Recovery and Exit Planning-844492","GSB - CRO","Suneeth, Ksai","","","","","","",""
"OBG-653634","Managing Investigations Related to Bribery and Corruption Allegations-1095625","GSB - CCO","Harper, Chris","","","","","","",""
"OBG-653636","Managing Investigations Related to Bribery and Corruption Allegations-1095625","GSB - CIO","Harper, Chris","","","","","","",""
"OBG-653637","Reportable Situations-744109","GSB - CRO","Suneeth, Ksai","","","","","","",""
"OBG-653646","Managing external investigations-8334","GSB - B&EF","Harper, Chris","","","","","","",""
"OBG-653650","Anti-Bribery Management System-1094797","GSB - CCO","Harper, Chris","Harper, Chris","","","","","",""
"OBG-653651","Anti-Bribery Management System-1094797","GSB - CEO","Khou, James","Harper, Chris","31/1/2027","Medium","CTL-000008;CTL-000009","Adequate Control Coverage","ISS-00050;ISS-00053","INC-00046;INC-00047;INC-00050"
"OBG-653652","Anti-Bribery Management System-1094797","GSB - CFO","Bradshaw, Steven","Bradshaw, Steven","","","","","",""
"OBG-653653","General principles of interpretation-227138","GSB - CRO","Suneeth, Ksai","","","","","","",""
"OBG-653655","Risk and Hazard Management-11104","GSB - CPO","","","30/1/2027","Medium","CTL-000009;CTL-000010","","ISS-00056","INC-00047"
"OBG-653674","Documenting the fraud and corruption control system-1097142","GSB - CCO","Harper, Chris","Bradshaw, Steven","6/2/2027","Very Low","CTL-000021","Adequate Control Coverage","",""
"OBG-653676","Documenting the fraud and corruption control system-1097142","GSB - CFO","Bradshaw, Steven","Bradshaw, Steven","7/2/2027","Very Low","CTL-000010","Adequate Control Coverage","",""
"OBG-653677","Complying with the Motor Vehicle Insurance and Repair Industry Code of Conduct and Related Disclosures-1094549","GSB - CCO","Harper, Chris","","30/1/2027","Very Low","CTL-000009;CTL-000013","Inadequate Control Coverage","",""
"OBG-653679","Complying with the Motor Vehicle Insurance and Repair Industry Code of Conduct and Related Disclosures-1094549","GSB - CFO","Bradshaw, Steven","","","","","","",""
"OBG-653680","Complying with the Motor Vehicle Insurance and Repair Industry Code of Conduct and Related Disclosures-1094549","GSB - CIO","Harper, Chris","","6/2/2026","Very High","CTL-000122;CTL-000125;CTL-000142","Adequate Control Coverage","ISS-00053",""
"OBG-709884","Incident Notification-11466","GSB - CCO","Harper, Chris","Bradshaw, Steven","11/2/2026","Very High","CTL-000109;CTL-000110;CTL-000142","Adequate Control Coverage","",""
"OBG-709927","Tax Overview-9168","GSB - CPO","","","26/2/2026","Very Low","","","",""
"OBG-710064","Workplace Health and Safety Overview-14178","GSB - CCO","Harper, Chris","Bradshaw, Steven","12/2/2027","Very Low","","Adequate Control Coverage","",""
"OBG-720660","Transfers and Registration-27365","GSB - CCO","Harper, Chris","","20/2/2025","Medium","CTL-000009;CTL-000011","","",""
"OBG-720662","Transfers and Registration-27365","GSB - CPO","","","26/2/2026","","","","",""
"OBG-720664","Identifying other duty holders-7247","GSB - CPO","","Khou, James","26/2/2026","Very Low","CTL-000006;CTL-000007;CTL-000008;CTL-000009","","",""
"OBG-731033","Sales Practices-7438","GSB - CFO","Bradshaw, Steven","","26/2/2026","","","","",""
"OBG-731035","Identifying other duty holders-7247","GSB - CEO","Khou, James","","25/2/2027","Medium","","","",""
"OBG-731036","Identifying other duty holders-7247","GSB - CFO","Bradshaw, Steven","","26/2/2026","","","","",""
"OBG-731052","[Archived] Enrolments with AUSTRAC-17925","GSB - CCO","Harper, Chris","Bradshaw, Steven","17/3/2026","Very High","CTL-000010","Inadequate Control Coverage","",""
"OBG-731053","[Archived] Enrolments with AUSTRAC-17925","GSB - CIO","Harper, Chris","","","","","","",""
"OBG-731054","[Archived] Enrolments with AUSTRAC-17925","GSB - COO","Harper, Chris","","","","","","",""
"OBG-731055","Enforcement-7450","GSB - CCO","Harper, Chris","","26/2/2026","Low","","","",""
"OBG-731056","Enforcement-7450","GSB - CFO","Bradshaw, Steven","","","","","","",""
"OBG-731057","Enforcement-7450","GSB - COO","Harper, Chris","","","","","","",""
"OBG-731058","Enforcement-7450","GSB - CPO","","","","","","","",""
"OBG-731059","Enforcement-7450","GSB - Deputy CEO","","","","","","","",""
"OBG-731541","Board size, composition and operation-37773","GSB - CFO","Bradshaw, Steven","Harper, Chris","","","","","",""
"OBG-731542","Board size, composition and operation-37773","GSB - COO","Harper, Chris","","14/3/2027","Medium","CTL-000012","Adequate Control Coverage","ISS-00053","INC-00046"
"OBG-731585","Obligations toward health and safety representatives-11152","GSB - Deputy CEO - Corporate Affairs and Sustainability","","","8/5/2027","Very Low","","Partial Control Coverage","",""
"OBG-731587","Payment surcharges-7486","GSB - COO - Branches","Harper, Chris","","13/3/2026","Very High","CTL-000157","Inadequate Control Coverage","",""
"OBG-731589","Obligations toward health and safety representatives-11152","GSB - CEO","Khou, James","","17/3/2026","Very High","CTL-000123;CTL-000170","Adequate Control Coverage","",""
"OBG-731590","Obligations toward health and safety representatives-11152","GSB - CIO","Harper, Chris","","17/3/2026","Very High","CTL-000170","Adequate Control Coverage","","INC-00424"
"OBG-731592","Additional Reporting on Mining and Oil and Gas Production and Exploration Activities-27178","Credicorp - CCI","Saxena, Unnati","","13/3/2027","Very Low","","","",""
"OBG-731620","Agreements with Third Parties-7345","GSB - COO - Broker","Harper, Chris","","17/3/2027","Very Low","CTL-000147","Adequate Control Coverage","",""
"OBG-731621","Anti-competitive Agreements-7348","","","","","","","","",""
"OBG-731622","Safety Standards-7381","GSB - CCO - Business Controls","Harper, Chris","","14/3/2026","Very High","CTL-000010;CTL-000011","Inadequate Control Coverage","ISS-00050;ISS-00532","INC-00047;INC-00409"
"OBG-731653","Plant and Structures-11225","GSB - CCO - Marketing","Harper, Chris","Bradshaw, Steven","14/3/2026","Very High","CTL-000010;CTL-000145","Inadequate Control Coverage","",""
"OBG-731795","[Archived] Awareness of and Training in Anti-bribery and Corruption Policy-8196","GSB - COO - Broker","Harper, Chris","Bradshaw, Steven","17/3/2026","Very High","CTL-000010;CTL-000141","Inadequate Control Coverage","",""
"OBG-731800","Providing ASX with immediate notice of material information-26524","GSB - COO - Branches","Harper, Chris","Harper, Chris","17/3/2027","Low","CTL-000007;CTL-000008","Partial Control Coverage","",""
"OBG-731802","Fire Safety-163313","GSB - CCO - Digital","Harper, Chris","","","","","","",""
"OBG-731814","Providing ASX with immediate notice of material information-26524","GSB - CEO - Internal Audit","Khou, James","Harper, Chris","17/3/2026","High","CTL-000008","Inadequate Control Coverage","",""
"OBG-731822","Providing ASX with immediate notice of material information-26524","GSB - CFO - Company Secretary","Bradshaw, Steven","Harper, Chris","17/3/2026","Very High","CTL-000008;CTL-000111;CTL-000144","Adequate Control Coverage","",""
"OBG-731840","Providing ASX with immediate notice of material information-26524","GSB - COO","Harper, Chris","Harper, Chris","17/3/2026","Very High","CTL-000008;CTL-000012;CTL-000014","Partial Control Coverage","",""
"OBG-731870","Developing a health and safety management plan-11100","GSB - CCO","Harper, Chris","","","","","","",""
"OBG-731873","Obligations toward health and safety representatives-11152","GSB - CCO - Marketing","Harper, Chris","","","","","","",""
"OBG-731908","Collection by private sector organisations-7552","GSB - CCO","Harper, Chris","","","","","","",""
"OBG-731911","Obligations toward health and safety representatives-11152","GSB - CPO - Talent Acquisition & Employee Experience","","","18/3/2027","Low","","","",""
"OBG-742428","Political donations-8303","GSB - CRO","Suneeth, Ksai","","","","","","",""
"OBG-743386","Developing a health and safety management plan-11100","GSB - CRO","Suneeth, Ksai","","","","","","",""
"OBG-743387","Obligations toward health and safety representatives-11152","Credicorp - CCI","Saxena, Unnati","","","","","","",""
"OBG-743400","Developing a health and safety management plan-11100","GSB - CCO","Harper, Chris","","","","","","",""
"OBG-743422","Related party transactions-700926","GSB - CRO","Suneeth, Ksai","","","","","","",""
"OBG-743424","Maintaining a Risk Management Framework-1114043","GSB - CRO","Suneeth, Ksai","","","","","","",""
"OBG-743425","Privacy policy-7607","GSB - CRO","Suneeth, Ksai","","","","","","",""
"OBG-743426","Privacy policy-7607","Credicorp - CCI","Saxena, Unnati","","","","","","",""
"OBG-743428","Overview-26426","Credicorp - CCI","Bradshaw, Steven;Saxena, Unnati","","","","","","",""
"OBG-745004","Identifying other duty holders-7247","GSB - Deputy CEO - Corporate Affairs and Sustainability","","","","","","","",""
"OBG-745012","Additional recommendations-1113894","GSB - CCO - Digital","Harper, Chris","","","","","","",""
"OBG-746475","Business Model and Strategy-7309","GSB - CRO","Suneeth, Ksai","","12/6/2026","Very High","","Inadequate Control Coverage","",""
"OBG-749011","Admission-26429","GSB - COO","Harper, Chris","","21/7/2027","Low","CTL-000010;CTL-000011","Adequate Control Coverage","ISS-00054;ISS-00056","INC-00047;INC-00050"
"OBG-757945","Submit a risk management declaration to APRA-37805","GSB - CRO","Suneeth, Ksai","","25/11/2026","Very High","CTL-000077;CTL-000098;CTL-000099","Adequate Control Coverage","ISS-00053;ISS-00054","INC-00055;INC-00057"
"OBG-782492","Identifying other duty holders-7247","GSB - CRO","Suneeth, Ksai","","","","","","",""
"OBG-782493","Training and competency-11128","GSB - CCO","Harper, Chris","","9/9/2028","Low","CTL-000010","","",""
"OBG-782501","Cessation of unsafe work-11199","GSB - CPO","","","23/7/2028","Low","CTL-000115","Inadequate Control Coverage","",""
"OBG-782550","[Archived] Establishing a health and safety committee-11172","GSB - CCO","Harper, Chris","","","","","","",""
"OBG-800539","Risk and Hazard Management-11104","GSB - CRO","Suneeth, Ksai","Khou, James","29/9/2028","Low","","Partial Control Coverage","",""
"}",,,,,,,,,,
