"DL_REQUEST_ID","DL_REQUEST_NAME","DL_SNAPSHOT_START_TIME","DL_SNAPSHOT_TZ","IDENTIFIER","RC","TICKER","PX_LAST"
"basis6s3sDataReqV1","basis6s3s","2026-09-29T16:30:05","JST","ADBBCFF Curncy","0","ADBBCFF","27.375000"
"basis6s3sDataReqV1","basis6s3s","2026-09-29T16:30:05","JST","ADBBCF1 Curncy","0","ADBBCF1","26.625000"
"basis6s3sDataReqV1","basis6s3s","2026-09-29T16:30:05","JST","ADBBCF2 Curncy","0","ADBBCF2","25.750000"
"basis6s3sDataReqV1","basis6s3s","2026-09-29T16:30:05","JST","ADBBCF3 Curncy","0","ADBBCF3","24.750000"
"basis6s3sDataReqV1","basis6s3s","2026-09-29T16:30:05","JST","ADBBCF4 Curncy","0","ADBBCF4","23.875000"
"basis6s3sDataReqV1","basis6s3s","2026-09-29T16:30:05","JST","ADBBCF5 Curncy","0","ADBBCF5","23.000000"
"basis6s3sDataReqV1","basis6s3s","2026-09-29T16:30:05","JST","ADBBCF6 Curncy","0","ADBBCF6","22.250000"
"basis6s3sDataReqV1","basis6s3s","2026-09-29T16:30:05","JST","ADBBCF7 Curncy","0","ADBBCF7","21.375000"
"basis6s3sDataReqV1","basis6s3s","2026-09-29T16:30:05","JST","ADBBCF8 Curncy","0","ADBBCF8","20.630000"
"basis6s3sDataReqV1","basis6s3s","2026-09-29T16:30:05","JST","ADBBCF9 Curncy","0","ADBBCF9","19.925000"
"basis6s3sDataReqV1","basis6s3s","2026-09-29T16:30:05","JST","ADBBCF10 Curncy","0","ADBBCF10","19.250000"
"basis6s3sDataReqV1","basis6s3s","2026-09-29T16:30:05","JST","ADBBCF12 Curncy","0","ADBBCF12","18.125000"
"basis6s3sDataReqV1","basis6s3s","2026-09-29T16:30:05","JST","ADBBCF15 Curncy","0","ADBBCF15","17.125000"
"basis6s3sDataReqV1","basis6s3s","2026-09-29T16:30:05","JST","ADBBCF20 Curncy","0","ADBBCF20","16.375000"
"basis6s3sDataReqV1","basis6s3s","2026-09-29T16:30:05","JST","ADBBCF25 Curncy","0","ADBBCF25","16.375000"
"basis6s3sDataReqV1","basis6s3s","2026-09-29T16:30:05","JST","ADBBCF30 Curncy","0","ADBBCF30","16.375000"
