"DL_REQUEST_ID","DL_REQUEST_NAME","DL_SNAPSHOT_START_TIME","DL_SNAPSHOT_TZ","IDENTIFIER","RC","TICKER","PX_LAST","NAME","RTG_MDY_SHORT_TERM_DEBT","RTG_MOODY_LONG_TERM","RTG_MDY_OUTLOOK","RTG_FITCH_ST_ISSUER_DEFAULT","RTG_FITCH_LT_ISSUER_DEFAULT","RTG_FITCH_OUTLOOK","RTG_SP_ST_LC_ISSUER_CREDIT","RTG_SP_LT_LC_ISSUER_CREDIT","RTG_SP_OUTLOOK"
"counterpartyDataReqV1","counterpartyData","2026-09-24T16:30:05","JST","ANZ AU Equity","994","","","","","","","","","","","",""
"counterpartyDataReqV1","counterpartyData","2026-09-24T16:30:05","JST","CBA AU Equity","994","","","","","","","","","","","",""
"counterpartyDataReqV1","counterpartyData","2026-09-24T16:30:05","JST","NAB AU Equity","994","","","","","","","","","","","",""
"counterpartyDataReqV1","counterpartyData","2026-09-24T16:30:05","JST","WBC AU Equity","994","","","","","","","","","","","",""
"counterpartyDataReqV1","counterpartyData","2026-09-24T16:30:05","JST","MQG AU Equity","0","MQG","242.550000","MACQUARIE GROUP LTD","P-1","","STABLE","F1","A","STABLE","","",""
"counterpartyDataReqV1","counterpartyData","2026-09-24T16:30:05","JST","OCBC SP Equity","994","","","","","","","","","","","",""
"counterpartyDataReqV1","counterpartyData","2026-09-24T16:30:05","JST","UOB SP Equity","994","","","","","","","","","","","",""
"counterpartyDataReqV1","counterpartyData","2026-09-24T16:30:05","JST","DBS SP Equity","0","DBS","77.530000","DBS GROUP HOLDINGS LTD","(P)P-1","","STABLE","F1+","AA-","STABLE","","",""
"counterpartyDataReqV1","counterpartyData","2026-09-24T16:30:05","JST","RABO NA Equity","994","","","","","","","","","","","",""
"counterpartyDataReqV1","counterpartyData","2026-09-24T16:30:05","JST","BEN AU Equity","994","","","","","","","","","","","",""
"counterpartyDataReqV1","counterpartyData","2026-09-24T16:30:05","JST","BOQ AU Equity","994","","","","","","","","","","","",""
"counterpartyDataReqV1","counterpartyData","2026-09-24T16:30:05","JST","AMP AU Equity","0","AMP","2.660000","AMP LTD","","","","F2","BBB+","STABLE","","",""
"counterpartyDataReqV1","counterpartyData","2026-09-24T16:30:05","JST","MYS AU Equity","994","","","","","","","","","","","",""
"counterpartyDataReqV1","counterpartyData","2026-09-24T16:30:05","JST","CCL AU Equity","994","","","","","","","","","","","",""
"counterpartyDataReqV1","counterpartyData","2026-09-24T16:30:05","JST","JDO AU Equity","0","JDO","0.945000","JUDO CAPITAL HOLDINGS LTD","","","","","","","","",""
"counterpartyDataReqV1","counterpartyData","2026-09-24T16:30:05","JST","PFBK AU Equity","994","","","","","","","","","","","",""
"counterpartyDataReqV1","counterpartyData","2026-09-24T16:30:05","JST","6921245Z AU Equity","994","","","","","","","","","","","",""
"counterpartyDataReqV1","counterpartyData","2026-09-24T16:30:05","JST","523594Z AU Equity","994","","","","","","","","","","","",""
"counterpartyDataReqV1","counterpartyData","2026-09-24T16:30:05","JST","216671Z AU Equity","994","","","","","","","","","","","",""
"counterpartyDataReqV1","counterpartyData","2026-09-24T16:30:05","JST","ACD AU Equity","994","","","","","","","","","","","",""
"counterpartyDataReqV1","counterpartyData","2026-09-24T16:30:05","JST","1481Z AU Equity","994","","","","","","","","","","","",""
"counterpartyDataReqV1","counterpartyData","2026-09-24T16:30:05","JST","1045196D AU Equity","994","","","","","","","","","","","",""
"counterpartyDataReqV1","counterpartyData","2026-09-24T16:30:05","JST","6050854Z AU Equity","994","","","","","","","","","","","",""
"counterpartyDataReqV1","counterpartyData","2026-09-24T16:30:05","JST","0765768D AU Equity","994","","","","","","","","","","","",""
"counterpartyDataReqV1","counterpartyData","2026-09-24T16:30:05","JST","1525Z AU Equity","994","","","","","","","","","","","",""
"counterpartyDataReqV1","counterpartyData","2026-09-24T16:30:05","JST","140798Z AU Equity","994","","","","","","","","","","","",""
"counterpartyDataReqV1","counterpartyData","2026-09-24T16:30:05","JST","0569836D AU Equity","994","","","","","","","","","","","",""
"counterpartyDataReqV1","counterpartyData","2026-09-24T16:30:05","JST","72258Z AU Equity","994","","","","","","","","","","","",""
"counterpartyDataReqV1","counterpartyData","2026-09-24T16:30:05","JST","1184Z AU Equity","994","","","","","","","","","","","",""
"counterpartyDataReqV1","counterpartyData","2026-09-24T16:30:05","JST","80475Z AU Equity","994","","","","","","","","","","","",""
"counterpartyDataReqV1","counterpartyData","2026-09-24T16:30:05","JST","1671Z AU Equity","994","","","","","","","","","","","",""
"counterpartyDataReqV1","counterpartyData","2026-09-24T16:30:05","JST","1023Z AU Equity","994","","","","","","","","","","","",""
"counterpartyDataReqV1","counterpartyData","2026-09-24T16:30:05","JST","0277717D AU Equity","994","","","","","","","","","","","",""
