"DL_REQUEST_ID","DL_REQUEST_NAME","DL_SNAPSHOT_START_TIME","DL_SNAPSHOT_TZ","IDENTIFIER","RC","TICKER","INDX_DES","PX_LAST","PX_CLOSE_QTD","PX_CLOSE_MTD","PX_CLOSE_1M","PX_CLOSE_1QTR","QUARTER_OVER_QUARTER_PERCENT_SA","MONTH_OVER_MONTH_PERCENT_SA"
"globalMarketsReqV1","globalMarkets","2026-09-24T16:30:05","JST","AUNAHSR Index","0","AUNAHSR","","6.500000","6.500000","","","6.400000","",""
"globalMarketsReqV1","globalMarkets","2026-09-24T16:30:05","JST","AS51 Index","0","AS51","The S&P/ASX 200 measures the performance of the 200 largest index-eligible stocks listed on the ASX by float-adjusted market capitalization. Representative liquid and tradable, it is widely considered Australia's preeminent benchmark index. The index is float-adjusted. The index was launched in April 2000.","8702.022000","8778.678000","9075.956000","9103.073000","8778.678000","",""
"globalMarketsReqV1","globalMarkets","2026-09-24T16:30:05","JST","ITXAA545 Curncy","11","","","","","","","","",""
"globalMarketsReqV1","globalMarkets","2026-09-24T16:30:05","JST","SPX Index","0","SPX","The S&P 500® is widely regarded as the best single gauge of large-cap U.S. equities and serves as the foundation for a wide range of investment products. The index includes 500 leading companies and captures approximately 80% coverage of available market capitalization.","7706.030000","7499.360000","7686.140000","7652.860000","7499.360000","",""
"globalMarketsReqV1","globalMarkets","2026-09-24T16:30:05","JST","SXXP Index","0","SXXP","The STOXX Europe 600 Index is derived from the STOXX Europe Total Market Index (TMI) and is a subset of the STOXX Global 1800 Index. With a fixed number of 600 components, the STOXX Europe 600 Index represents large, mid and small capitalization companies across 17 countries of the European region.","639.220000","641.730000","651.100000","654.210000","641.730000","",""
"globalMarketsReqV1","globalMarkets","2026-09-24T16:30:05","JST","VIX Index","994","","","","","","","","",""
"globalMarketsReqV1","globalMarkets","2026-09-24T16:30:05","JST","MOVE Index","994","","","","","","","","",""
"globalMarketsReqV1","globalMarkets","2026-09-24T16:30:05","JST","HYG US Equity","994","","","","","","","","",""
"globalMarketsReqV1","globalMarkets","2026-09-24T16:30:05","JST","GTAUD10Y Govt","994","","","","","","","","",""
"globalMarketsReqV1","globalMarkets","2026-09-24T16:30:05","JST","USGG10YR Index","994","","","","","","","","",""
"globalMarketsReqV1","globalMarkets","2026-09-24T16:30:05","JST","CO1 Comdty","994","","","","","","","","",""
"globalMarketsReqV1","globalMarkets","2026-09-24T16:30:05","JST","GC1 Comdty","994","","","","","","","","",""
"globalMarketsReqV1","globalMarkets","2026-09-24T16:30:05","JST","SCO1 Comdty","994","","","","","","","","",""
"globalMarketsReqV1","globalMarkets","2026-09-24T16:30:05","JST","HG1 Comdty","994","","","","","","","","",""
"globalMarketsReqV1","globalMarkets","2026-09-24T16:30:05","JST","AUNAGDPC Index","994","","","","","","","","",""
"globalMarketsReqV1","globalMarkets","2026-09-24T16:30:05","JST","AULFUNEM Index","994","","","","","","","","",""
"globalMarketsReqV1","globalMarkets","2026-09-24T16:30:05","JST","WMCCCONS Index","994","","","","","","","","",""
"globalMarketsReqV1","globalMarkets","2026-09-24T16:30:05","JST","RBACTRD Index","994","","","","","","","","",""
"globalMarketsReqV1","globalMarkets","2026-09-24T16:30:05","JST","AUEHPI Index","994","","","","","","","","",""
"globalMarketsReqV1","globalMarkets","2026-09-24T16:30:05","JST","AULFANTC Index","994","","","","","","","","",""
"globalMarketsReqV1","globalMarkets","2026-09-24T16:30:05","JST","AULFANTL Index","10","","","","","","","","",""
